date,total_views,video,likes,comments,fave,type,tiktok_stat,category,engagement_rate,like_rate,comment_rate,favorite_rate,month,day_of_week,week,is_weekend,engagement_rate_pct,like_rate_pct,comment_rate_pct,favorite_rate_pct
2026-01-01,306.0,2025 recap,10.0,3.0,0.0,vlog style,trend audio ,uncategorized,0.042483660130718956,0.032679738562091505,0.00980392156862745,0.0,January,Thursday,1,False,4.248366013071895,3.2679738562091507,0.9803921568627451,0.0
2026-01-01,532.0,Heathrow at 8am,37.0,0.0,0.0,spam style,trend audio ,travel,0.06954887218045112,0.06954887218045112,0.0,0.0,January,Thursday,1,False,6.954887218045112,6.954887218045112,0.0,0.0
2026-01-02,552.0,Jelly cat hunting ,46.0,2.0,1.0,vlog style ,trend audio ,knick knacks,0.08876811594202899,0.08333333333333333,0.0036231884057971015,0.0018115942028985507,January,Friday,1,False,8.876811594202898,8.333333333333332,0.36231884057971014,0.18115942028985507
2026-01-02,329.0,help...(Jelly cat),18.0,1.0,1.0,tiktok style,trend audio ,knick knacks,0.060790273556231005,0.0547112462006079,0.00303951367781155,0.00303951367781155,January,Friday,1,False,6.079027355623101,5.47112462006079,0.303951367781155,0.303951367781155
2026-01-03,408.0,walking in suburbs ,24.0,4.0,0.0,tiktok style,trend audio ,uncategorized,0.06862745098039216,0.058823529411764705,0.00980392156862745,0.0,January,Saturday,1,True,6.862745098039216,5.88235294117647,0.9803921568627451,0.0
2026-01-03,1044.0,editing family like a reality tv mid season finale ,109.0,0.0,4.0,tiktok style,tiktok trend,family,0.1082375478927203,0.10440613026819924,0.0,0.0038314176245210726,January,Saturday,1,True,10.82375478927203,10.440613026819925,0.0,0.38314176245210724
2026-01-04,1251.0,srk/kajol london statue,106.0,2.0,1.0,tiktok style,trend audio ,travel,0.08713029576338929,0.08473221422861711,0.0015987210231814548,0.0007993605115907274,January,Sunday,1,True,8.71302957633893,8.47322142286171,0.15987210231814547,0.07993605115907274
2026-01-04,2609.0,avatar river adventure,324.0,3.0,9.0,tiktok style,no audio ,travel,0.12878497508623993,0.1241855116903028,0.0011498658489842851,0.0034495975469528554,January,Sunday,1,True,12.878497508623992,12.41855116903028,0.11498658489842851,0.34495975469528556
2026-01-04,6379.0,London transportation ,592.0,5.0,4.0,tiktok style,tiktok trend,travel,0.09421539426242358,0.09280451481423421,0.0007838219156607619,0.0006270575325286095,January,Sunday,1,True,9.421539426242358,9.280451481423421,0.07838219156607619,0.06270575325286096
2026-01-05,64700.0,quarterbacks question ,2207.0,27.0,21.0,spam style,regular audio ,uncategorized,0.0348531684698609,0.0341112828438949,0.00041731066460587327,0.00032457496136012367,January,Monday,2,False,3.48531684698609,3.41112828438949,0.04173106646058733,0.03245749613601237
2026-01-05,1405.0,pub transport/what my mom hears ,189.0,3.0,5.0,tiktok style,trend audio ,travel,0.1402135231316726,0.13451957295373665,0.002135231316725979,0.0035587188612099642,January,Monday,2,False,14.02135231316726,13.451957295373665,0.21352313167259787,0.3558718861209964
2026-01-06,536.0,POV: women with bad partners ,52.0,6.0,1.0,yapping,regular audio ,uncategorized,0.11007462686567164,0.09701492537313433,0.011194029850746268,0.0018656716417910447,January,Tuesday,2,False,11.007462686567164,9.701492537313433,1.1194029850746268,0.18656716417910446
2026-01-06,1699.0,prince nick and jess,220.0,2.0,1.0,spam style,trend audio ,TV/movies,0.1312536786344909,0.12948793407886994,0.0011771630370806356,0.0005885815185403178,January,Tuesday,2,False,13.125367863449089,12.948793407886994,0.11771630370806356,0.05885815185403178
2026-01-07,962.0,Reet growing up ,101.0,2.0,0.0,vlog style ,trend audio ,family,0.10706860706860707,0.104989604989605,0.002079002079002079,0.0,January,Wednesday,2,False,10.706860706860708,10.4989604989605,0.2079002079002079,0.0
2026-01-07,5248.0,Conformity gate,197.0,31.0,5.0,spam style,trend audio ,uncategorized,0.044397865853658534,0.03753810975609756,0.005907012195121951,0.0009527439024390244,January,Wednesday,2,False,4.439786585365853,3.753810975609756,0.5907012195121951,0.09527439024390244
2026-01-08,306.0,Doremi baking behind the scenes,24.0,3.0,0.0,vlog style ,trend audio ,friends,0.08823529411764706,0.0784313725490196,0.00980392156862745,0.0,January,Thursday,2,False,8.823529411764707,7.8431372549019605,0.9803921568627451,0.0
2026-01-08,435.0,jelly cat/heated rivalry ,35.0,1.0,0.0,tiktok style,trend audio ,knick knacks,0.08275862068965517,0.08045977011494253,0.0022988505747126436,0.0,January,Thursday,2,False,8.275862068965518,8.045977011494253,0.22988505747126436,0.0
2026-01-08,1293.0,this and a joke that only makes sense on this trip ,78.0,4.0,2.0,tiktok style,trend audio ,friends,0.06496519721577726,0.060324825986078884,0.0030935808197989174,0.0015467904098994587,January,Thursday,2,False,6.496519721577726,6.0324825986078885,0.30935808197989173,0.15467904098994587
2026-01-09,820.0,f u and those kids,134.0,2.0,0.0,tiktok style,tiktok trend,travel,0.16585365853658537,0.16341463414634147,0.0024390243902439024,0.0,January,Friday,2,False,16.585365853658537,16.34146341463415,0.24390243902439024,0.0
2026-01-10,2105.0,this and no one yapping...,411.0,0.0,24.0,tiktok style,tiktok trend,Museum,0.20665083135391923,0.19524940617577197,0.0,0.01140142517814727,January,Saturday,2,True,20.665083135391924,19.524940617577197,0.0,1.1401425178147269
2026-01-11,5652.0,conformity gate x got s8 ,62.0,0.0,3.0,spam style,trend audio ,TV/movies,0.011500353857041755,0.010969568294409059,0.0,0.0005307855626326964,January,Sunday,2,True,1.1500353857041754,1.0969568294409058,0.0,0.05307855626326964
2026-01-11,317.0,Lucknow,16.0,0.0,0.0,vlog style ,trend audio ,travel,0.050473186119873815,0.050473186119873815,0.0,0.0,January,Sunday,2,True,5.047318611987381,5.047318611987381,0.0,0.0
2026-01-12,366.0,my fave art museum pieces,15.0,0.0,0.0,vlog style ,regular audio ,Museum,0.040983606557377046,0.040983606557377046,0.0,0.0,January,Monday,3,False,4.098360655737705,4.098360655737705,0.0,0.0
2026-01-12,3868.0,conformity gate pt 3,165.0,0.0,2.0,spam style,trend audio ,uncategorized,0.04317476732161324,0.04265770423991727,0.0,0.000517063081695967,January,Monday,3,False,4.317476732161324,4.265770423991727,0.0,0.0517063081695967
2026-01-12,296.0,escape room jelly cate ,18.0,0.0,1.0,tiktok style,trend audio ,knick knacks,0.06418918918918919,0.060810810810810814,0.0,0.0033783783783783786,January,Monday,3,False,6.418918918918918,6.081081081081082,0.0,0.33783783783783783
2026-01-13,15461.0,pitch perfect riff off,3299.0,23.0,77.0,spam style,regular audio ,TV/movies,0.21984347713601965,0.21337559019468338,0.001487613996507341,0.004980272944828924,January,Tuesday,3,False,21.984347713601966,21.337559019468337,0.14876139965073412,0.4980272944828924
2026-01-13,457.0,pitch perfect song would save me from vecna ,15.0,2.0,0.0,tiktok style,tiktok trend,TV/movies,0.037199124726477024,0.03282275711159737,0.00437636761487965,0.0,January,Tuesday,3,False,3.7199124726477026,3.282275711159737,0.437636761487965,0.0
2026-01-14,125337.0,flashlight PP2,11700.0,151.0,201.0,yapping,no audio ,TV/movies,0.09615676137134287,0.09334833289451638,0.0012047519886386302,0.0016036764881878455,January,Wednesday,3,False,9.615676137134287,9.334833289451637,0.12047519886386301,0.16036764881878454
2026-01-14,1311.0,duality of bookshelf,90.0,0.0,1.0,tiktok style,tiktok trend,booktok,0.06941266209000763,0.06864988558352403,0.0,0.0007627765064836003,January,Wednesday,3,False,6.941266209000762,6.864988558352403,0.0,0.07627765064836003
2026-01-14,1369.0,transport museum ,113.0,0.0,7.0,tiktok style,tiktok trend,Museum,0.08765522279035792,0.08254200146092038,0.0,0.005113221329437546,January,Wednesday,3,False,8.765522279035793,8.254200146092037,0.0,0.5113221329437546
2026-01-15,546.0,weekend lover trend yap ,31.0,2.0,0.0,yapping,trend audio ,uncategorized,0.06043956043956044,0.056776556776556776,0.003663003663003663,0.0,January,Thursday,3,False,6.043956043956044,5.677655677655678,0.3663003663003663,0.0
2026-01-15,322.0,pictures and postcards,20.0,0.0,1.0,vlog style ,regular audio ,knick knacks,0.06521739130434782,0.062111801242236024,0.0,0.003105590062111801,January,Thursday,3,False,6.521739130434782,6.211180124223603,0.0,0.3105590062111801
2026-01-15,445.0,CNY lego,26.0,3.0,0.0,vlog style ,regular audio ,knick knacks,0.0651685393258427,0.058426966292134834,0.006741573033707865,0.0,January,Thursday,3,False,6.51685393258427,5.842696629213483,0.6741573033707865,0.0
2026-01-16,408.0,take a pic of urself and let tiktok choose audio ,22.0,1.0,0.0,tiktok style,tiktok trend,uncategorized,0.056372549019607844,0.05392156862745098,0.0024509803921568627,0.0,January,Friday,3,False,5.637254901960785,5.392156862745098,0.24509803921568626,0.0
2026-01-17,381.0,mamma papa anniversary video,43.0,0.0,1.0,vlog style ,regular audio ,family,0.11548556430446194,0.11286089238845144,0.0,0.0026246719160104987,January,Saturday,3,True,11.548556430446194,11.286089238845145,0.0,0.26246719160104987
2026-01-18,3570.0,drunk me thought this was so aesthetic ,261.0,18.0,3.0,tiktok style,tiktok trend,uncategorized,0.07899159663865546,0.073109243697479,0.005042016806722689,0.0008403361344537816,January,Sunday,3,True,7.899159663865546,7.3109243697479,0.5042016806722689,0.08403361344537816
2026-01-18,537.0,friends drinking before beating deadhorse,537.0,17.0,1.0,spam style,trend audio ,friends,1.0335195530726258,1.0,0.03165735567970205,0.00186219739292365,January,Sunday,3,True,103.35195530726257,100.0,3.165735567970205,0.186219739292365
2026-01-18,2132.0,sardines in uber,51.0,1.0,0.0,spam style,trend audio ,friends,0.024390243902439025,0.023921200750469045,0.00046904315196998124,0.0,January,Sunday,3,True,2.4390243902439024,2.3921200750469045,0.04690431519699812,0.0
2026-01-19,359.0,star wars video ,17.0,0.0,0.0,vlog style ,trend audio ,uncategorized,0.04735376044568245,0.04735376044568245,0.0,0.0,January,Monday,4,False,4.735376044568245,4.735376044568245,0.0,0.0
2026-01-19,413.0,sd vlog food,21.0,0.0,2.0,vlog style ,regular audio ,food,0.05569007263922518,0.05084745762711865,0.0,0.004842615012106538,January,Monday,4,False,5.569007263922518,5.084745762711865,0.0,0.48426150121065376
2026-01-19,300.0,sd vlog ,17.0,4.0,1.0,vlog style ,trend audio ,friends,0.07333333333333333,0.056666666666666664,0.013333333333333334,0.0033333333333333335,January,Monday,4,False,7.333333333333333,5.666666666666666,1.3333333333333335,0.33333333333333337
2026-01-19,4654.0,remy girl on the plane ,223.0,3.0,0.0,spam style,regular audio ,uncategorized,0.048560378169316715,0.04791577137945853,0.0006446067898581865,0.0,January,Monday,4,False,4.856037816931671,4.791577137945853,0.06446067898581864,0.0
2026-01-20,709.0,tell me lies s3 thoughts ,34.0,2.0,1.0,yapping,trend audio ,TV/movies,0.05218617771509168,0.047954866008462625,0.0028208744710860366,0.0014104372355430183,January,Tuesday,4,False,5.218617771509168,4.795486600846263,0.2820874471086037,0.14104372355430184
2026-01-20,971.0,victoria becks x chicken little ,66.0,1.0,3.0,spam style,regular audio ,uncategorized,0.07209062821833162,0.06797116374871266,0.0010298661174047373,0.003089598352214212,January,Tuesday,4,False,7.209062821833162,6.797116374871266,0.10298661174047373,0.30895983522142123
2026-01-20,398.0,iceland wind,31.0,1.0,0.0,tiktok style,trend audio ,friends,0.08040201005025126,0.07788944723618091,0.002512562814070352,0.0,January,Tuesday,4,False,8.040201005025125,7.788944723618091,0.25125628140703515,0.0
2026-01-21,352.0,drinking around the world,28.0,6.0,0.0,vlog style ,no audio ,food,0.09659090909090909,0.07954545454545454,0.017045454545454544,0.0,January,Wednesday,4,False,9.659090909090908,7.954545454545454,1.7045454545454544,0.0
2026-01-21,359.0,exchanging small gifts,20.0,3.0,0.0,vlog style ,trend audio ,friends,0.06406685236768803,0.055710306406685235,0.008356545961002786,0.0,January,Wednesday,4,False,6.406685236768802,5.571030640668524,0.8356545961002786,0.0
2026-01-21,437.0,POV u ask how my day is going ,46.0,2.0,0.0,yapping,regular audio ,uncategorized,0.10983981693363844,0.10526315789473684,0.004576659038901602,0.0,January,Wednesday,4,False,10.983981693363845,10.526315789473683,0.4576659038901602,0.0
2026-01-21,325.0,rabias surprise ,16.0,5.0,1.0,vlog style ,regular audio ,friends,0.06769230769230769,0.04923076923076923,0.015384615384615385,0.003076923076923077,January,Wednesday,4,False,6.769230769230769,4.923076923076923,1.5384615384615385,0.3076923076923077
2026-01-22,1000000.0,sinners oscar nom ,196800.0,180.0,2109.0,spam style,trend audio ,TV/movies,0.199089,0.1968,0.00018,0.002109,January,Thursday,4,False,19.9089,19.68,0.018000000000000002,0.21090000000000003
2026-01-23,282.0,San Diego,14.0,0.0,0.0,vlog style ,regular audio ,travel,0.04964539007092199,0.04964539007092199,0.0,0.0,January,Friday,4,False,4.964539007092199,4.964539007092199,0.0,0.0
2026-01-23,633.0,texas before winterpocalypse,63.0,4.0,0.0,spam style,trend audio ,uncategorized,0.10584518167456557,0.0995260663507109,0.00631911532385466,0.0,January,Friday,4,False,10.584518167456556,9.95260663507109,0.631911532385466,0.0
2026-01-23,690.0,F1 oscars,38.0,5.0,0.0,yapping,regular audio ,TV/movies,0.06231884057971015,0.05507246376811594,0.007246376811594203,0.0,January,Friday,4,False,6.231884057971015,5.507246376811594,0.7246376811594203,0.0
2026-01-23,973.0,Nosferatu v frank,30.0,13.0,0.0,spam style,trend audio ,TV/movies,0.044193216855087356,0.030832476875642344,0.013360739979445015,0.0,January,Friday,4,False,4.419321685508735,3.0832476875642345,1.3360739979445015,0.0
2026-01-24,6779.0,texas after snow 2025,191.0,0.0,6.0,vlog style ,regular audio ,uncategorized,0.029060333382504796,0.028175247086590943,0.0,0.0008850862959138516,January,Saturday,4,True,2.9060333382504795,2.817524708659094,0.0,0.08850862959138515
2026-01-24,1537.0,me in texas snow,109.0,8.0,4.0,vlog style ,regular audio ,uncategorized,0.07872478854912167,0.07091737150292778,0.00520494469746259,0.002602472348731295,January,Saturday,4,True,7.872478854912167,7.0917371502927775,0.520494469746259,0.2602472348731295
2026-01-24,3042.0,would u rather bella v lucy ,35.0,14.0,0.0,yapping,regular audio ,TV/movies,0.016107823800131493,0.011505588428665352,0.0046022353714661405,0.0,January,Saturday,4,True,1.6107823800131493,1.1505588428665352,0.46022353714661407,0.0
2026-01-26,574.0,SD greg peck ,17.0,0.0,0.0,tiktok style,tiktok trend,TV/movies,0.029616724738675958,0.029616724738675958,0.0,0.0,January,Monday,5,False,2.961672473867596,2.961672473867596,0.0,0.0
2026-01-27,384.0,mamma packing ,22.0,0.0,0.0,tiktok style,tiktok trend,uncategorized,0.057291666666666664,0.057291666666666664,0.0,0.0,January,Tuesday,5,False,5.729166666666666,5.729166666666666,0.0,0.0
2026-01-27,357.0,cold rainy day snack,10.0,1.0,1.0,vlog style,regular audio ,food,0.03361344537815126,0.028011204481792718,0.0028011204481792717,0.0028011204481792717,January,Tuesday,5,False,3.361344537815126,2.801120448179272,0.2801120448179272,0.2801120448179272
2026-01-28,329.0,most overrated food trends of the last decade,8.0,2.0,0.0,tiktok text feature ,regular audio ,food,0.030395136778115502,0.0243161094224924,0.0060790273556231,0.0,January,Wednesday,5,False,3.0395136778115504,2.43161094224924,0.60790273556231,0.0
2026-01-28,424.0,soty x heated rivalry,22.0,2.0,1.0,yapping,regular audio ,TV/movies,0.0589622641509434,0.05188679245283019,0.0047169811320754715,0.0023584905660377358,January,Wednesday,5,False,5.89622641509434,5.188679245283019,0.4716981132075472,0.2358490566037736
2026-01-28,1942.0,bree and wrig in tell me lies ,139.0,7.0,7.0,spam style,regular audio ,TV/movies,0.07878475798146241,0.07157569515962925,0.003604531410916581,0.003604531410916581,January,Wednesday,5,False,7.8784757981462405,7.1575695159629245,0.3604531410916581,0.3604531410916581
2026-01-28,424.0,sd food ,15.0,2.0,3.0,vlog style ,trend audio ,food,0.04716981132075472,0.03537735849056604,0.0047169811320754715,0.007075471698113208,January,Wednesday,5,False,4.716981132075472,3.5377358490566038,0.4716981132075472,0.7075471698113208
2026-01-29,338.0,emma different versions,4.0,0.0,0.0,tiktok style,trend audio ,booktok,0.011834319526627219,0.011834319526627219,0.0,0.0,January,Thursday,5,False,1.183431952662722,1.183431952662722,0.0,0.0
2026-01-29,219.0,deadpool 10 yrs,3.0,0.0,0.0,yapping,no audio ,TV/movies,0.0136986301369863,0.0136986301369863,0.0,0.0,January,Thursday,5,False,1.36986301369863,1.36986301369863,0.0,0.0
2026-01-29,348.0,iceland is cool but katy mills,23.0,0.0,0.0,tiktok style,tiktok trend,travel,0.06609195402298851,0.06609195402298851,0.0,0.0,January,Thursday,5,False,6.609195402298851,6.609195402298851,0.0,0.0
2026-01-30,370.0,everything we ate at Senece Trattoria,15.0,3.0,0.0,vlog style ,regular audio ,food,0.04864864864864865,0.04054054054054054,0.008108108108108109,0.0,January,Friday,5,False,4.864864864864865,4.054054054054054,0.8108108108108109,0.0
2026-01-30,517.0,moon,39.0,4.0,0.0,spam style,regular audio ,uncategorized,0.08317214700193423,0.07543520309477757,0.007736943907156673,0.0,January,Friday,5,False,8.317214700193423,7.543520309477756,0.7736943907156674,0.0
2026-01-30,2575.0,the greek statue at BM,276.0,2.0,13.0,tiktok style,trend audio ,Museum,0.11300970873786408,0.10718446601941747,0.0007766990291262136,0.005048543689320388,January,Friday,5,False,11.300970873786408,10.718446601941748,0.07766990291262137,0.5048543689320388
2026-01-31,516.0,misinterpretting take me to church,72.0,0.0,2.0,spam style,regular audio ,uncategorized,0.1434108527131783,0.13953488372093023,0.0,0.003875968992248062,January,Saturday,5,True,14.34108527131783,13.953488372093023,0.0,0.3875968992248062
2026-01-31,801.0,hot ones themed bday,38.0,3.0,15.0,vlog style ,regular audio ,friends,0.06991260923845194,0.04744069912609238,0.003745318352059925,0.018726591760299626,January,Saturday,5,True,6.991260923845194,4.7440699126092385,0.37453183520599254,1.8726591760299627
2026-02-01,1213.0,everything i ate in london,64.0,7.0,7.0,vlog style ,regular audio ,food,0.06430338004946413,0.05276174773289365,0.005770816158285243,0.005770816158285243,February,Sunday,5,True,6.430338004946414,5.276174773289365,0.5770816158285244,0.5770816158285244
2026-02-01,462.0,hot ones challenge crash out,23.0,6.0,0.0,vlog style ,regular audio ,friends,0.06277056277056277,0.049783549783549784,0.012987012987012988,0.0,February,Sunday,5,True,6.277056277056277,4.978354978354979,1.2987012987012987,0.0
2026-02-01,570.0,pistachio cloud king from hey tea ,27.0,1.0,2.0,vlog style ,regular audio ,food,0.05263157894736842,0.04736842105263158,0.0017543859649122807,0.0035087719298245615,February,Sunday,5,True,5.263157894736842,4.736842105263158,0.17543859649122806,0.3508771929824561
2026-02-01,317.0,me when (reused a pic espresso martini),11.0,0.0,0.0,spam style,trend audio ,food,0.03470031545741325,0.03470031545741325,0.0,0.0,February,Sunday,5,True,3.4700315457413247,3.4700315457413247,0.0,0.0
2026-02-02,1207.0,bridgeton couch,112.0,7.0,2.0,spam style,trend audio ,TV/movies,0.10024855012427507,0.0927920463960232,0.00579950289975145,0.0016570008285004142,February,Monday,6,False,10.024855012427507,9.27920463960232,0.579950289975145,0.16570008285004142
2026-02-02,309.0,cinema at selfridges,12.0,0.0,1.0,vlog style ,trend audio ,family,0.042071197411003236,0.038834951456310676,0.0,0.003236245954692557,February,Monday,6,False,4.207119741100324,3.8834951456310676,0.0,0.3236245954692557
2026-02-02,1007.0,do not come with me to hey tea,44.0,6.0,1.0,"yapping, vlog style",no audio ,food,0.0506454816285998,0.04369414101290963,0.005958291956305859,0.0009930486593843098,February,Monday,6,False,5.06454816285998,4.369414101290963,0.5958291956305859,0.09930486593843098
2026-02-02,523.0,iceland (lord im 500 miles),51.0,2.0,2.0,tiktok style,tiktok trend,travel,0.10516252390057361,0.09751434034416825,0.0038240917782026767,0.0038240917782026767,February,Monday,6,False,10.51625239005736,9.751434034416825,0.3824091778202677,0.3824091778202677
2026-02-03,442.0,bridgeton ,65.0,2.0,2.0,spam style,trend audio ,TV/movies,0.15610859728506787,0.14705882352941177,0.004524886877828055,0.004524886877828055,February,Tuesday,6,False,15.610859728506787,14.705882352941178,0.4524886877828055,0.4524886877828055
2026-02-03,390.0,Bun house london,25.0,0.0,1.0,vlog style,regular audio ,food,0.06666666666666667,0.0641025641025641,0.0,0.002564102564102564,February,Tuesday,6,False,6.666666666666667,6.41025641025641,0.0,0.2564102564102564
2026-02-03,1866.0,bum allegations tell me lies,72.0,8.0,1.0,yapping,no audio ,TV/movies,0.04340836012861737,0.03858520900321544,0.004287245444801715,0.0005359056806002144,February,Tuesday,6,False,4.340836012861737,3.858520900321544,0.4287245444801715,0.05359056806002144
2026-02-03,3877.0,wrigley and bree scene from tml,607.0,3.0,8.0,spam style,no audio ,TV/movies,0.15940159917461955,0.15656435388186743,0.0007737941707505803,0.0020634511220015478,February,Tuesday,6,False,15.940159917461955,15.656435388186743,0.07737941707505804,0.20634511220015478
2026-02-04,681.0,benedict sophie edit request ,54.0,1.0,2.0,spam style,trend audio ,TV/movies,0.08370044052863436,0.07929515418502203,0.0014684287812041115,0.002936857562408223,February,Wednesday,6,False,8.370044052863436,7.929515418502203,0.14684287812041116,0.2936857562408223
2026-02-04,463.0,room and purse,23.0,2.0,0.0,yapping,regular audio ,uncategorized,0.05399568034557235,0.04967602591792657,0.004319654427645789,0.0,February,Wednesday,6,False,5.399568034557236,4.967602591792657,0.4319654427645789,0.0
2026-02-04,454.0,the ugly truth,16.0,4.0,1.0,yapping,no audio ,TV/movies,0.046255506607929514,0.03524229074889868,0.00881057268722467,0.0022026431718061676,February,Wednesday,6,False,4.6255506607929515,3.524229074889868,0.881057268722467,0.22026431718061676
2026-02-04,182.0,jan recap cute vid,6.0,1.0,0.0,vlog style,trend audio ,friends,0.038461538461538464,0.03296703296703297,0.005494505494505495,0.0,February,Wednesday,6,False,3.8461538461538463,3.296703296703297,0.5494505494505495,0.0
2026-02-05,206.0,jan recap,9.0,3.0,0.0,yapping,regular audio ,uncategorized,0.05825242718446602,0.043689320388349516,0.014563106796116505,0.0,February,Thursday,6,False,5.825242718446602,4.368932038834951,1.4563106796116505,0.0
2026-02-05,398.0,chicago egg tart and crispy coke,33.0,3.0,0.0,vlog style,trend audio ,food,0.09045226130653267,0.0829145728643216,0.007537688442211055,0.0,February,Thursday,6,False,9.045226130653267,8.291457286432161,0.7537688442211055,0.0
2026-02-05,137.0,tom and jerry green screen with food ,5.0,0.0,0.0,tiktok style,tiktok trend,food,0.0364963503649635,0.0364963503649635,0.0,0.0,February,Thursday,6,False,3.64963503649635,3.64963503649635,0.0,0.0
2026-02-05,407.0,fresso ,17.0,7.0,0.0,spam style,tiktok trend,food,0.05896805896805897,0.04176904176904177,0.0171990171990172,0.0,February,Thursday,6,False,5.896805896805897,4.176904176904177,1.71990171990172,0.0
2026-02-06,344.0,"""where'd all my money go""",5.0,0.0,0.0,tiktok style,tiktok trend,travel,0.014534883720930232,0.014534883720930232,0.0,0.0,February,Friday,6,False,1.4534883720930232,1.4534883720930232,0.0,0.0
2026-02-06,1370.0,bridgerton men are rakes,85.0,0.0,0.0,yapping,trend audio ,TV/movies,0.06204379562043796,0.06204379562043796,0.0,0.0,February,Friday,6,False,6.204379562043796,6.204379562043796,0.0,0.0
2026-02-06,349.0,greg and rowley pic,15.0,2.0,0.0,tiktok style,tiktok trend,friends,0.04871060171919771,0.04297994269340974,0.0057306590257879654,0.0,February,Friday,6,False,4.871060171919771,4.297994269340974,0.5730659025787965,0.0
2026-02-06,699.0,you've got mail,13.0,2.0,4.0,spam style,regular audio ,TV/movies,0.027181688125894134,0.01859799713876967,0.002861230329041488,0.005722460658082976,February,Friday,6,False,2.7181688125894135,1.859799713876967,0.28612303290414876,0.5722460658082975
2026-02-07,336.0,she's frequently kind with drink trend,8.0,4.0,0.0,tiktok style,tiktok trend,friends,0.03571428571428571,0.023809523809523808,0.011904761904761904,0.0,February,Saturday,6,True,3.571428571428571,2.380952380952381,1.1904761904761905,0.0
2026-02-07,366.0,self care end of kal ho na ho,13.0,0.0,0.0,spam style,tiktok trend,TV/movies,0.03551912568306011,0.03551912568306011,0.0,0.0,February,Saturday,6,True,3.551912568306011,3.551912568306011,0.0,0.0
2026-02-08,1040.0,explaining rules of a game i made up with sound trend ,146.0,0.0,1.0,spam style,tiktok trend,friends,0.14134615384615384,0.14038461538461539,0.0,0.0009615384615384616,February,Sunday,6,True,14.134615384615385,14.038461538461538,0.0,0.09615384615384616
2026-02-08,448.0,debitir las fotos ,22.0,0.0,0.0,tiktok style,tiktok trend,family,0.049107142857142856,0.049107142857142856,0.0,0.0,February,Sunday,6,True,4.910714285714286,4.910714285714286,0.0,0.0
2026-02-08,325.0,friends outfits in sd,17.0,4.0,0.0,vlog style,tiktok trend,friends,0.06461538461538462,0.052307692307692305,0.012307692307692308,0.0,February,Sunday,6,True,6.461538461538462,5.230769230769231,1.2307692307692308,0.0
2026-02-09,529.0,ringo starr,39.0,4.0,2.0,spam style,regular audio ,TV/movies,0.08506616257088846,0.07372400756143667,0.007561436672967864,0.003780718336483932,February,Monday,7,False,8.506616257088846,7.372400756143667,0.7561436672967864,0.3780718336483932
2026-02-09,378.0,what is ur vision for this room with yogurtland,30.0,0.0,0.0,tiktok style,tiktok trend,food,0.07936507936507936,0.07936507936507936,0.0,0.0,February,Monday,7,False,7.936507936507936,7.936507936507936,0.0,0.0
2026-02-09,1748.0,tell me lies s3 thoughts ,36.0,0.0,1.0,spam style,trend audio ,TV/movies,0.02116704805491991,0.020594965675057208,0.0,0.0005720823798627002,February,Monday,7,False,2.116704805491991,2.059496567505721,0.0,0.057208237986270026
2026-02-10,1276.0,duet app marketting,15.0,8.0,0.0,yapping,no audio ,uncategorized,0.018025078369905956,0.011755485893416929,0.006269592476489028,0.0,February,Tuesday,7,False,1.8025078369905956,1.1755485893416928,0.6269592476489028,0.0
2026-02-10,3565.0,talented mr ripley,98.0,0.0,11.0,spam style,trend audio ,TV/movies,0.030575035063113605,0.027489481065918652,0.0,0.0030855539971949507,February,Tuesday,7,False,3.0575035063113605,2.748948106591865,0.0,0.3085553997194951
2026-02-10,317.0,warren g harding,15.0,2.0,0.0,yapping,no audio ,uncategorized,0.05362776025236593,0.0473186119873817,0.006309148264984227,0.0,February,Tuesday,7,False,5.3627760252365935,4.73186119873817,0.6309148264984227,0.0
2026-02-11,1146.0,eh...nepal ; sorry cover ,164.0,0.0,2.0,spam style,trend audio ,TV/movies,0.14485165794066318,0.1431064572425829,0.0,0.0017452006980802793,February,Wednesday,7,False,14.485165794066319,14.31064572425829,0.0,0.17452006980802792
2026-02-11,257.0,eat pray love awful version,11.0,4.0,0.0,yapping,regular audio ,TV/movies,0.058365758754863814,0.042801556420233464,0.01556420233463035,0.0,February,Wednesday,7,False,5.836575875486381,4.280155642023346,1.556420233463035,0.0
2026-02-11,967.0,food from london,77.0,2.0,0.0,vlog style,trend audio ,food,0.08169596690796277,0.0796277145811789,0.002068252326783868,0.0,February,Wednesday,7,False,8.169596690796277,7.96277145811789,0.2068252326783868,0.0
2026-02-12,509.0,"""wuthering twilights""",18.0,0.0,0.0,yapping,regular audio ,TV/movies,0.03536345776031434,0.03536345776031434,0.0,0.0,February,Thursday,7,False,3.536345776031434,3.536345776031434,0.0,0.0
2026-02-12,12669.0,Kurtis connor prague,3370.0,23.0,102.0,spam style,regular audio ,TV/movies,0.27587023443049963,0.2660036309100955,0.0018154550477543611,0.008051148472649775,February,Thursday,7,False,27.58702344304996,26.600363091009548,0.1815455047754361,0.8051148472649774
2026-02-12,519.0,Me and dana in ireland,60.0,5.0,2.0,vlog style,regular audio ,travel,0.12909441233140656,0.11560693641618497,0.009633911368015413,0.0038535645472061657,February,Thursday,7,False,12.909441233140656,11.560693641618498,0.9633911368015413,0.3853564547206166
2026-02-13,535.0,drink up divas...anthony bridgerton,47.0,0.0,0.0,spam style,regular audio ,TV/movies,0.08785046728971962,0.08785046728971962,0.0,0.0,February,Friday,7,False,8.785046728971963,8.785046728971963,0.0,0.0
2026-02-13,221.0,talking abt followers on tiktok ,10.0,4.0,0.0,yapping,regular audio ,uncategorized,0.06334841628959276,0.04524886877828054,0.01809954751131222,0.0,February,Friday,7,False,6.334841628959276,4.524886877828054,1.809954751131222,0.0
2026-02-13,5185.0,despacito crashout,596.0,2.0,6.0,spam style,regular audio ,TV/movies,0.11648987463837994,0.11494696239151399,0.0003857280617164899,0.0011571841851494697,February,Friday,7,False,11.648987463837994,11.494696239151398,0.03857280617164899,0.11571841851494696
2026-02-14,297.0,playing game incohearent ,18.0,0.0,0.0,vlog style,regular audio ,friends,0.06060606060606061,0.06060606060606061,0.0,0.0,February,Saturday,7,True,6.0606060606060606,6.0606060606060606,0.0,0.0
2026-02-14,1129.0,WH galentines slop,53.0,0.0,0.0,spam style,trend audio ,friends,0.046944198405668734,0.046944198405668734,0.0,0.0,February,Saturday,7,True,4.694419840566874,4.694419840566874,0.0,0.0
2026-02-14,305.0,Dallas fit check,18.0,8.0,0.0,vlog style,trend audio ,friends,0.08524590163934426,0.05901639344262295,0.02622950819672131,0.0,February,Saturday,7,True,8.524590163934425,5.901639344262295,2.622950819672131,0.0
2026-02-15,413.0,dallas stockton yards,7.0,0.0,0.0,vlog style,trend audio ,friends,0.01694915254237288,0.01694915254237288,0.0,0.0,February,Sunday,7,True,1.694915254237288,1.694915254237288,0.0,0.0
2026-02-15,55809.0,talking abt jacob elordi,513.0,3.0,13.0,spam style,no audio ,friends,0.009478757906430862,0.009192065795839382,5.3754770735902814e-05,0.00023293733985557886,February,Sunday,7,True,0.9478757906430861,0.9192065795839381,0.0053754770735902815,0.023293733985557886
2026-02-15,6473.0,not mr darcy but --> 7/11 buzzball,377.0,0.0,7.0,spam style,tiktok trend,friends,0.05932334311756527,0.05824192800865132,0.0,0.0010814151089139502,February,Sunday,7,True,5.932334311756527,5.8241928008651325,0.0,0.10814151089139502
2026-02-16,383.0,kal ho na ho fmk,21.0,0.0,0.0,spam style,regular audio ,TV/movies,0.05483028720626632,0.05483028720626632,0.0,0.0,February,Monday,8,False,5.483028720626632,5.483028720626632,0.0,0.0
2026-02-16,2481.0,he is stable/u are train car v train ,145.0,3.0,1.0,tiktok style,tiktok trend,uncategorized,0.060056428859330914,0.058444175735590485,0.0012091898428053204,0.00040306328093510683,February,Monday,8,False,6.005642885933091,5.844417573559048,0.12091898428053204,0.04030632809351068
2026-02-16,24654.0,tell me lies review,1481.0,11.0,35.0,spam style,trend audio ,TV/movies,0.06193721100024337,0.06007138801005922,0.0004461750628701225,0.0014196479273140261,February,Monday,8,False,6.193721100024336,6.007138801005922,0.04461750628701225,0.1419647927314026
2026-02-16,419.0,tell me lies joy maxxing,23.0,3.0,0.0,spam style,regular audio ,TV/movies,0.06205250596658711,0.05489260143198091,0.007159904534606206,0.0,February,Monday,8,False,6.205250596658711,5.4892601431980905,0.7159904534606205,0.0
2026-02-17,461.0,tml worst finale,16.0,0.0,1.0,spam style,trend audio ,TV/movies,0.0368763557483731,0.03470715835140998,0.0,0.0021691973969631237,February,Tuesday,8,False,3.68763557483731,3.470715835140998,0.0,0.21691973969631237
2026-02-17,319.0,back on ur sofa,23.0,3.0,0.0,vlog style,trend audio ,friends,0.08150470219435736,0.07210031347962383,0.009404388714733543,0.0,February,Tuesday,8,False,8.150470219435736,7.210031347962382,0.9404388714733543,0.0
2026-02-17,426.0,tml thoughts,8.0,0.0,1.0,spam style,trend audio ,TV/movies,0.02112676056338028,0.018779342723004695,0.0,0.002347417840375587,February,Tuesday,8,False,2.112676056338028,1.8779342723004695,0.0,0.2347417840375587
2026-02-18,868.0,inaara young ho,78.0,6.0,1.0,spam style,tiktok trend,friends,0.097926267281106,0.08986175115207373,0.0069124423963133645,0.001152073732718894,February,Wednesday,8,False,9.7926267281106,8.986175115207374,0.6912442396313364,0.1152073732718894
2026-02-18,313.0,matcha hi matcha,17.0,2.0,0.0,tiktok style,tiktok trend,friends,0.06070287539936102,0.054313099041533544,0.006389776357827476,0.0,February,Wednesday,8,False,6.070287539936102,5.431309904153355,0.6389776357827476,0.0
2026-02-18,376.0,pink shots ,9.0,1.0,0.0,spam style,trend audio ,uncategorized,0.026595744680851064,0.023936170212765957,0.0026595744680851063,0.0,February,Wednesday,8,False,2.6595744680851063,2.393617021276596,0.26595744680851063,0.0
2026-02-19,159961.0,lent story ,23900.0,119.0,400.0,yapping,regular audio ,uncategorized,0.15265595989022324,0.1494114190333894,0.0007439313332624827,0.0025006095235713707,February,Thursday,8,False,15.265595989022323,14.94114190333894,0.07439313332624826,0.25006095235713705
2026-02-19,373.0,everything i ate in dallas,6.0,0.0,0.0,spam style,regular audio ,uncategorized,0.0160857908847185,0.0160857908847185,0.0,0.0,February,Thursday,8,False,1.6085790884718498,1.6085790884718498,0.0,0.0
2026-02-19,332.0,crafting with audio ,27.0,2.0,0.0,tiktok style,tiktok trend,uncategorized,0.08734939759036145,0.08132530120481928,0.006024096385542169,0.0,February,Thursday,8,False,8.734939759036145,8.132530120481928,0.6024096385542169,0.0
2026-02-20,871.0,vietnamese egg coffee,42.0,4.0,0.0,"spam style, tiktok style",regular audio ,food,0.05281285878300804,0.04822043628013777,0.004592422502870264,0.0,February,Friday,8,False,5.281285878300804,4.822043628013777,0.4592422502870264,0.0
2026-02-20,385.0,dallas roadtrip ,21.0,0.0,1.0,vlog style,trend audio ,travel,0.05714285714285714,0.05454545454545454,0.0,0.0025974025974025974,February,Friday,8,False,5.714285714285714,5.454545454545454,0.0,0.2597402597402597
2026-02-20,847.0,wuthering heights ,56.0,0.0,2.0,spam style,trend audio ,booktok,0.06847697756788666,0.06611570247933884,0.0,0.0023612750885478157,February,Friday,8,False,6.8476977567886665,6.6115702479338845,0.0,0.23612750885478156
2026-02-21,343.0,velle sound for dallas trip ,18.0,0.0,1.0,vlog style,trend audio ,travel,0.05539358600583091,0.052478134110787174,0.0,0.0029154518950437317,February,Saturday,8,True,5.539358600583091,5.247813411078718,0.0,0.2915451895043732
2026-02-21,3292.0,wuthering heights perfume ,205.0,3.0,8.0,vlog style,trend audio ,TV/movies,0.06561360874848117,0.06227217496962333,0.0009113001215066828,0.002430133657351154,February,Saturday,8,True,6.561360874848117,6.227217496962333,0.09113001215066828,0.24301336573511542
2026-02-21,2289.0,plate of green crunch,51.0,2.0,0.0,spam style,trend audio ,food,0.023154215814766274,0.022280471821756225,0.0008737439930100481,0.0,February,Saturday,8,True,2.3154215814766275,2.2280471821756227,0.08737439930100481,0.0
2026-02-22,403.0,bridgerton x jenis ice cream ,16.0,0.0,0.0,spam style,regular audio ,food,0.03970223325062035,0.03970223325062035,0.0,0.0,February,Sunday,8,True,3.970223325062035,3.970223325062035,0.0,0.0
2026-02-22,1976.0,lego paintings ,181.0,0.0,12.0,vlog style,trend audio ,knick knacks,0.09767206477732794,0.09159919028340081,0.0,0.006072874493927126,February,Sunday,8,True,9.767206477732794,9.15991902834008,0.0,0.6072874493927125
2026-02-22,343.0,king of the rock 2021 nyc ,8.0,4.0,0.0,spam style,no audio ,friends,0.03498542274052478,0.023323615160349854,0.011661807580174927,0.0,February,Sunday,8,True,3.498542274052478,2.3323615160349855,1.1661807580174928,0.0
2026-02-23,781.0,ferris bueler museum ,72.0,3.0,1.0,vlog style,trend audio ,friends,0.0973111395646607,0.09218950064020487,0.0038412291933418692,0.0012804097311139564,February,Monday,9,False,9.73111395646607,9.218950064020486,0.3841229193341869,0.12804097311139565
2026-02-23,525.0,van gogh museum ,47.0,0.0,0.0,vlog style,trend audio ,Museum,0.08952380952380952,0.08952380952380952,0.0,0.0,February,Monday,9,False,8.952380952380953,8.952380952380953,0.0,0.0
2026-02-23,1248.0,"""dont judge that could be you one day"" ",65.0,0.0,0.0,tiktok style,tiktok trend,TV/movies,0.052083333333333336,0.052083333333333336,0.0,0.0,February,Monday,9,False,5.208333333333334,5.208333333333334,0.0,0.0
2026-02-24,2595.0,yapping abt kpop,217.0,12.0,14.0,yapping,regular audio ,TV/movies,0.09364161849710982,0.08362235067437379,0.004624277456647399,0.005394990366088632,February,Tuesday,9,False,9.364161849710982,8.362235067437378,0.46242774566473993,0.5394990366088632
2026-02-24,358.0,chin up diva --> smallville ,33.0,2.0,1.0,spam style,tiktok trend,TV/movies,0.1005586592178771,0.09217877094972067,0.00558659217877095,0.002793296089385475,February,Tuesday,9,False,10.05586592178771,9.217877094972067,0.5586592178770949,0.27932960893854747
2026-02-24,409.0,read ur moms text,7.0,2.0,0.0,spam style,tiktok trend,family,0.022004889975550123,0.017114914425427872,0.004889975550122249,0.0,February,Tuesday,9,False,2.2004889975550124,1.7114914425427872,0.4889975550122249,0.0
2026-02-25,439.0,delhi shopping,19.0,2.0,0.0,vlog style,trend audio ,travel,0.04783599088838269,0.04328018223234624,0.004555808656036446,0.0,February,Wednesday,9,False,4.783599088838269,4.328018223234624,0.45558086560364464,0.0
2026-02-25,5617.0,buzzball flavors ,418.0,2.0,7.0,spam style,trend audio ,food,0.07601922734555813,0.07441694854904754,0.00035606195478013177,0.001246216841730461,February,Wednesday,9,False,7.601922734555814,7.441694854904754,0.03560619547801318,0.1246216841730461
2026-02-25,322.0,taco bell and abcds,12.0,4.0,0.0,yapping,regular audio ,food,0.049689440993788817,0.037267080745341616,0.012422360248447204,0.0,February,Wednesday,9,False,4.968944099378882,3.7267080745341614,1.2422360248447204,0.0
2026-02-26,1355.0,month divisions,13.0,1.0,0.0,tiktok style,tiktok trend,uncategorized,0.010332103321033211,0.00959409594095941,0.0007380073800738007,0.0,February,Thursday,9,False,1.033210332103321,0.959409594095941,0.07380073800738007,0.0
2026-02-26,2256.0,fave nyc rest audio,40.0,3.0,3.0,vlog style,trend audio ,food,0.020390070921985817,0.01773049645390071,0.0013297872340425532,0.0013297872340425532,February,Thursday,9,False,2.039007092198582,1.773049645390071,0.13297872340425532,0.13297872340425532
2026-02-26,17889.0,bridgerton s4 with audio ,876.0,0.0,61.0,spam style,trend audio ,TV/movies,0.05237855665492761,0.04896863994633574,0.0,0.003409916708591872,February,Thursday,9,False,5.237855665492761,4.896863994633574,0.0,0.3409916708591872
2026-02-27,278.0,American love story/avanthika strike,6.0,4.0,0.0,yapping,regular audio ,TV/movies,0.03597122302158273,0.02158273381294964,0.014388489208633094,0.0,February,Friday,9,False,3.597122302158273,2.158273381294964,1.4388489208633095,0.0
2026-02-27,2131.0,hyacinth brat summer,188.0,0.0,2.0,spam style,trend audio ,TV/movies,0.08916001877053027,0.08822149225715627,0.0,0.0009385265133740028,February,Friday,9,False,8.916001877053027,8.822149225715627,0.0,0.09385265133740028
2026-02-27,414.0,Bridgerton s2,25.0,3.0,0.0,yapping,regular audio ,TV/movies,0.06763285024154589,0.06038647342995169,0.007246376811594203,0.0,February,Friday,9,False,6.763285024154589,6.038647342995169,0.7246376811594203,0.0
2026-02-28,290.0,travel prague,20.0,0.0,1.0,vlog style,trend audio ,travel,0.07241379310344828,0.06896551724137931,0.0,0.0034482758620689655,February,Saturday,9,True,7.241379310344828,6.896551724137931,0.0,0.3448275862068966
2026-02-28,469.0,Heinz beans in htx,13.0,1.0,0.0,tiktok style,tiktok trend,food,0.029850746268656716,0.02771855010660981,0.0021321961620469083,0.0,February,Saturday,9,True,2.9850746268656714,2.771855010660981,0.21321961620469082,0.0
2026-02-28,374.0,hey cheese foam tea,12.0,0.0,0.0,spam style,tiktok trend,food,0.03208556149732621,0.03208556149732621,0.0,0.0,February,Saturday,9,True,3.2085561497326207,3.2085561497326207,0.0,0.0
2026-03-01,12620.0,whats in my bag/audio,665.0,6.0,40.0,tiktok style,tiktok trend,TV/movies,0.056339144215530906,0.052694136291600635,0.00047543581616481777,0.003169572107765452,March,Sunday,9,True,5.633914421553091,5.269413629160064,0.04754358161648178,0.31695721077654515
2026-03-01,546.0,english breakfast,12.0,2.0,0.0,tiktok style,trend audio ,food,0.02564102564102564,0.02197802197802198,0.003663003663003663,0.0,March,Sunday,9,True,2.564102564102564,2.197802197802198,0.3663003663003663,0.0
2026-03-02,430.0,k3g BM,18.0,0.0,0.0,spam style,regular audio ,Museum,0.04186046511627907,0.04186046511627907,0.0,0.0,March,Monday,10,False,4.186046511627907,4.186046511627907,0.0,0.0
2026-03-02,17742.0,denny Greys,1714.0,45.0,22.0,spam style,regular audio ,TV/movies,0.10038327133355879,0.09660692142937662,0.002536354413256679,0.0012399954909254876,March,Monday,10,False,10.038327133355878,9.66069214293766,0.2536354413256679,0.12399954909254876
2026-03-02,306.0,iceland vlog,13.0,4.0,0.0,vlog style,trend audio ,travel,0.05555555555555555,0.042483660130718956,0.013071895424836602,0.0,March,Monday,10,False,5.555555555555555,4.248366013071895,1.3071895424836601,0.0
2026-03-03,4996.0,reminders of him,89.0,4.0,1.0,yapping,no audio ,TV/movies,0.018815052041633307,0.017814251401120897,0.0008006405124099279,0.00020016012810248197,March,Tuesday,10,False,1.8815052041633307,1.7814251401120897,0.08006405124099279,0.020016012810248198
2026-03-04,346.0,denny public enemy number 1 ,28.0,7.0,0.0,yapping,trend audio ,TV/movies,0.10115606936416185,0.08092485549132948,0.02023121387283237,0.0,March,Wednesday,10,False,10.115606936416185,8.092485549132949,2.023121387283237,0.0
2026-03-04,1362.0,hs students using AI,44.0,7.0,1.0,yapping,no audio ,uncategorized,0.0381791483113069,0.032305433186490456,0.005139500734214391,0.0007342143906020558,March,Wednesday,10,False,3.81791483113069,3.2305433186490458,0.5139500734214391,0.07342143906020558
2026-03-04,357.0,rita ora,7.0,2.0,0.0,yapping,regular audio ,uncategorized,0.025210084033613446,0.0196078431372549,0.0056022408963585435,0.0,March,Wednesday,10,False,2.5210084033613445,1.9607843137254901,0.5602240896358543,0.0
2026-03-05,4598.0,the pitt MOHABBOT,174.0,24.0,13.0,yapping,regular audio ,TV/movies,0.04588951718138321,0.03784254023488473,0.005219660722053067,0.002827316224445411,March,Thursday,10,False,4.588951718138321,3.784254023488473,0.5219660722053067,0.2827316224445411
2026-03-05,6108.0,pilgrim,237.0,10.0,7.0,yapping,regular audio ,uncategorized,0.04158480681074001,0.03880157170923379,0.0016371971185330713,0.00114603798297315,March,Thursday,10,False,4.158480681074002,3.880157170923379,0.16371971185330714,0.11460379829731501
2026-03-05,413.0,Comme de burse,20.0,0.0,1.0,vlog style,trend audio ,Museum,0.05084745762711865,0.048426150121065374,0.0,0.002421307506053269,March,Thursday,10,False,5.084745762711865,4.842615012106537,0.0,0.24213075060532688
2026-03-06,540.0,frank ocean underground artist,18.0,5.0,0.0,yapping,regular audio ,TV/movies,0.04259259259259259,0.03333333333333333,0.009259259259259259,0.0,March,Friday,10,False,4.2592592592592595,3.3333333333333335,0.9259259259259258,0.0
2026-03-06,329.0,driving to natashas,20.0,0.0,0.0,yapping,regular audio ,uncategorized,0.060790273556231005,0.060790273556231005,0.0,0.0,March,Friday,10,False,6.079027355623101,6.079027355623101,0.0,0.0
2026-03-06,122988.0,Marty supreme rage bait ,22700.0,224.0,192.0,spam style,trend audio ,TV/movies,0.18795329625654536,0.18457085244088856,0.0018213159007382834,0.0015611279149185286,March,Friday,10,False,18.795329625654535,18.457085244088855,0.18213159007382834,0.15611279149185286
2026-03-07,382.0,Madison Humphrey,12.0,2.0,0.0,yapping,regular audio ,uncategorized,0.03664921465968586,0.031413612565445025,0.005235602094240838,0.0,March,Saturday,10,True,3.664921465968586,3.1413612565445024,0.5235602094240838,0.0
2026-03-07,621.0,Pistachio jasmine Coconut ,4.0,3.0,1.0,spam style,trend audio ,food,0.01288244766505636,0.00644122383252818,0.004830917874396135,0.001610305958132045,March,Saturday,10,True,1.288244766505636,0.644122383252818,0.4830917874396135,0.1610305958132045
2026-03-07,32302.0,popcorn helmet,622.0,5.0,12.0,spam style,trend audio ,travel,0.019782056838585846,0.01925577363630735,0.00015478917714073433,0.00037149402513776236,March,Saturday,10,True,1.9782056838585846,1.9255773636307352,0.015478917714073432,0.037149402513776235
2026-03-07,193.0,feb recap cute video,4.0,3.0,0.0,vlog style,trend audio ,friends,0.03626943005181347,0.02072538860103627,0.015544041450777202,0.0,March,Saturday,10,True,3.6269430051813467,2.072538860103627,1.5544041450777202,0.0
2026-03-08,2814.0,train ,187.0,1.0,7.0,spam style,trend audio ,travel,0.06929637526652452,0.06645344705046198,0.00035536602700781805,0.0024875621890547263,March,Sunday,10,True,6.929637526652452,6.645344705046198,0.03553660270078181,0.24875621890547264
2026-03-08,249.0,iced ube coco,13.0,3.0,0.0,spam style,trend audio ,food,0.0642570281124498,0.05220883534136546,0.012048192771084338,0.0,March,Sunday,10,True,6.425702811244979,5.220883534136546,1.2048192771084338,0.0
2026-03-08,1208.0,caleb heron story time ranking,25.0,5.0,0.0,spam style,trend audio ,TV/movies,0.024834437086092714,0.020695364238410598,0.0041390728476821195,0.0,March,Sunday,10,True,2.4834437086092715,2.06953642384106,0.4139072847682119,0.0
2026-03-09,1542.0,bridgerton x greys,107.0,1.0,0.0,spam style,regular audio ,TV/movies,0.07003891050583658,0.06939040207522698,0.0006485084306095979,0.0,March,Monday,11,False,7.003891050583658,6.939040207522698,0.06485084306095978,0.0
2026-03-09,1149.0,doordash pics,39.0,0.0,0.0,spam style,trend audio ,uncategorized,0.033942558746736295,0.033942558746736295,0.0,0.0,March,Monday,11,False,3.3942558746736298,3.3942558746736298,0.0,0.0
2026-03-09,347.0,paul hollywood handshake,14.0,3.0,0.0,yapping,regular audio ,TV/movies,0.04899135446685879,0.040345821325648415,0.008645533141210375,0.0,March,Monday,11,False,4.899135446685879,4.034582132564841,0.8645533141210375,0.0
2026-03-10,316.0,kendall jenner x briana ,5.0,2.0,0.0,spam style,regular audio ,friends,0.022151898734177215,0.015822784810126583,0.006329113924050633,0.0,March,Tuesday,11,False,2.2151898734177213,1.5822784810126582,0.6329113924050633,0.0
2026-03-10,508.0,aladdin,33.0,2.0,1.0,yapping,regular audio ,TV/movies,0.07086614173228346,0.06496062992125984,0.003937007874015748,0.001968503937007874,March,Tuesday,11,False,7.086614173228346,6.496062992125983,0.39370078740157477,0.19685039370078738
2026-03-11,353.0,tide is high,29.0,4.0,0.0,spam style,tiktok trend,TV/movies,0.09348441926345609,0.0821529745042493,0.0113314447592068,0.0,March,Wednesday,11,False,9.34844192634561,8.21529745042493,1.13314447592068,0.0
2026-03-11,292.0,clouds cable car,21.0,0.0,0.0,vlog style,trend audio ,travel,0.07191780821917808,0.07191780821917808,0.0,0.0,March,Wednesday,11,False,7.191780821917808,7.191780821917808,0.0,0.0
2026-03-12,335.0,desi marriage,15.0,7.0,0.0,"yapping, vlog style",regular audio ,uncategorized,0.06567164179104477,0.04477611940298507,0.020895522388059702,0.0,March,Thursday,11,False,6.567164179104477,4.477611940298507,2.0895522388059704,0.0
2026-03-13,706.0,brownie fudge,45.0,0.0,0.0,tiktok style,trend audio ,food,0.06373937677053824,0.06373937677053824,0.0,0.0,March,Friday,11,False,6.373937677053824,6.373937677053824,0.0,0.0
2026-03-13,4050.0,ting tea,130.0,8.0,3.0,vlog style,regular audio ,food,0.03481481481481481,0.03209876543209877,0.0019753086419753087,0.0007407407407407407,March,Friday,11,False,3.4814814814814814,3.2098765432098766,0.19753086419753088,0.07407407407407407
2026-03-14,4138.0,chai ,116.0,0.0,5.0,vlog style,trend audio ,food,0.029241179313678107,0.02803286611889802,0.0,0.001208313194780087,March,Saturday,11,True,2.9241179313678107,2.803286611889802,0.0,0.1208313194780087
2026-03-14,130398.0,kent and sue veep,14200.0,94.0,302.0,spam style,trend audio ,TV/movies,0.11193423212012454,0.10889737572662157,0.0007208699519931287,0.002315986441509839,March,Saturday,11,True,11.193423212012455,10.889737572662158,0.07208699519931287,0.2315986441509839
2026-03-14,328.0,trinket ting tea,18.0,0.0,1.0,vlog style,regular audio ,food,0.057926829268292686,0.054878048780487805,0.0,0.003048780487804878,March,Saturday,11,True,5.7926829268292686,5.487804878048781,0.0,0.3048780487804878
2026-03-15,2487.0,AYCE food,30.0,1.0,1.0,tiktok style,tiktok trend,food,0.012866907921190189,0.012062726176115802,0.0004020908725371934,0.0004020908725371934,March,Sunday,11,True,1.286690792119019,1.2062726176115801,0.04020908725371934,0.04020908725371934
2026-03-15,1031.0,fits cant wait to wear next summer,23.0,2.0,0.0,tiktok style,tiktok trend,uncategorized,0.02424830261881668,0.02230843840931135,0.0019398642095053346,0.0,March,Sunday,11,True,2.424830261881668,2.2308438409311346,0.19398642095053348,0.0
2026-03-15,1245.0,oscar best actor,67.0,2.0,0.0,spam style,trend audio ,TV/movies,0.05542168674698795,0.05381526104417671,0.001606425702811245,0.0,March,Sunday,11,True,5.542168674698795,5.381526104417671,0.1606425702811245,0.0
2026-03-15,1042.0,mb j braces incident ,24.0,2.0,0.0,yapping,trend audio ,TV/movies,0.02495201535508637,0.023032629558541268,0.0019193857965451055,0.0,March,Sunday,11,True,2.495201535508637,2.3032629558541267,0.19193857965451055,0.0
2026-03-16,326.0,addison rae performance dallas,20.0,1.0,0.0,spam style,trend audio ,TV/movies,0.06441717791411043,0.06134969325153374,0.003067484662576687,0.0,March,Monday,12,False,6.441717791411043,6.134969325153374,0.3067484662576687,0.0
2026-03-16,322.0,duel of fates,11.0,0.0,1.0,tiktok text feature ,regular audio ,TV/movies,0.037267080745341616,0.034161490683229816,0.0,0.003105590062111801,March,Monday,12,False,3.7267080745341614,3.4161490683229814,0.0,0.3105590062111801
2026-03-16,342.0,trickets,25.0,0.0,0.0,spam style,trend audio ,knick knacks,0.07309941520467836,0.07309941520467836,0.0,0.0,March,Monday,12,False,7.309941520467836,7.309941520467836,0.0,0.0
2026-03-16,347.0,nails trasition,12.0,8.0,0.0,tiktok style,trend audio ,uncategorized,0.05763688760806916,0.0345821325648415,0.023054755043227664,0.0,March,Monday,12,False,5.763688760806916,3.45821325648415,2.3054755043227666,0.0
2026-03-17,340.0,dubai chocolate food ,6.0,2.0,0.0,vlog style,trend audio ,food,0.023529411764705882,0.01764705882352941,0.0058823529411764705,0.0,March,Tuesday,12,False,2.3529411764705883,1.7647058823529411,0.5882352941176471,0.0
2026-03-17,2215.0,aerial tramway,159.0,3.0,2.0,vlog style,tiktok trend,travel,0.07404063205417608,0.07178329571106094,0.0013544018058690745,0.0009029345372460496,March,Tuesday,12,False,7.404063205417607,7.178329571106095,0.13544018058690743,0.09029345372460496
2026-03-17,451.0,hamnet,20.0,3.0,0.0,yapping,trend audio ,TV/movies,0.050997782705099776,0.04434589800443459,0.0066518847006651885,0.0,March,Tuesday,12,False,5.099778270509978,4.434589800443459,0.6651884700665188,0.0
2026-03-17,488.0,hudcon Hrithik roshan,30.0,0.0,1.0,spam style,regular audio ,TV/movies,0.06352459016393443,0.06147540983606557,0.0,0.0020491803278688526,March,Tuesday,12,False,6.352459016393443,6.147540983606557,0.0,0.20491803278688525
2026-03-18,306.0,chicago vibes,17.0,0.0,0.0,vlog style,trend audio ,friends,0.05555555555555555,0.05555555555555555,0.0,0.0,March,Wednesday,12,False,5.555555555555555,5.555555555555555,0.0,0.0
2026-03-18,353.0,imposter game,11.0,6.0,0.0,vlog style,no audio ,friends,0.04815864022662889,0.031161473087818695,0.0169971671388102,0.0,March,Wednesday,12,False,4.815864022662889,3.1161473087818696,1.69971671388102,0.0
2026-03-18,57868.0,veep x wh,6854.0,53.0,272.0,spam style,trend audio ,TV/movies,0.12405820142393033,0.11844197138314785,0.0009158775143429875,0.004700352526439483,March,Wednesday,12,False,12.405820142393033,11.844197138314785,0.09158775143429876,0.4700352526439483
2026-03-19,471.0,games riddle,12.0,0.0,0.0,vlog style,regular audio ,friends,0.025477707006369428,0.025477707006369428,0.0,0.0,March,Thursday,12,False,2.547770700636943,2.547770700636943,0.0,0.0
2026-03-20,689.0,games riddle pt 2,13.0,1.0,0.0,vlog style,regular audio ,friends,0.020319303338171262,0.018867924528301886,0.001451378809869376,0.0,March,Friday,12,False,2.0319303338171264,1.8867924528301887,0.14513788098693758,0.0
2026-03-20,732.0,lychee martini and chilis ,61.0,2.0,2.0,spam style,trend audio ,food,0.08879781420765027,0.08333333333333333,0.00273224043715847,0.00273224043715847,March,Friday,12,False,8.879781420765028,8.333333333333332,0.273224043715847,0.273224043715847
2026-03-21,1950.0,jenny nic update,64.0,3.0,7.0,yapping,regular audio ,TV/movies,0.03794871794871795,0.03282051282051282,0.0015384615384615385,0.0035897435897435897,March,Saturday,12,True,3.794871794871795,3.282051282051282,0.15384615384615385,0.358974358974359
2026-03-22,331.0,masterchef australia,8.0,0.0,0.0,yapping,no audio ,TV/movies,0.02416918429003021,0.02416918429003021,0.0,0.0,March,Sunday,12,True,2.416918429003021,2.416918429003021,0.0,0.0
2026-03-22,449.0,involve me squishmallows,6.0,0.0,0.0,spam style,trend audio ,food,0.013363028953229399,0.013363028953229399,0.0,0.0,March,Sunday,12,True,1.3363028953229399,1.3363028953229399,0.0,0.0
2026-03-23,407.0,lava cake,23.0,2.0,1.0,spam style,trend audio ,food,0.06388206388206388,0.056511056511056514,0.004914004914004914,0.002457002457002457,March,Monday,13,False,6.388206388206388,5.651105651105651,0.4914004914004914,0.2457002457002457
2026-03-24,611.0,jelly cats ,45.0,2.0,1.0,vlog style,regular audio ,knick knacks,0.07855973813420622,0.07364975450081833,0.0032733224222585926,0.0016366612111292963,March,Tuesday,13,False,7.855973813420622,7.3649754500818325,0.32733224222585927,0.16366612111292964
2026-03-25,759.0,kohinoor,49.0,1.0,2.0,vlog style,trend audio ,travel,0.06851119894598155,0.06455862977602109,0.0013175230566534915,0.002635046113306983,March,Wednesday,13,False,6.851119894598155,6.455862977602108,0.13175230566534915,0.2635046113306983
2026-03-26,3253.0,dhurandhar,176.0,4.0,3.0,yapping,trend audio ,TV/movies,0.056255763910236706,0.05410390408853366,0.0012296341838303104,0.0009222256378727329,March,Thursday,13,False,5.625576391023671,5.410390408853366,0.12296341838303104,0.09222256378727328
2026-03-27,531.0,art museum austria,60.0,0.0,3.0,vlog style,trend audio ,Museum,0.11864406779661017,0.11299435028248588,0.0,0.005649717514124294,March,Friday,13,False,11.864406779661017,11.299435028248588,0.0,0.5649717514124294
2026-03-28,417.0,mithaiholic,16.0,2.0,1.0,vlog style,tiktok trend,food,0.045563549160671464,0.03836930455635491,0.004796163069544364,0.002398081534772182,March,Saturday,13,True,4.556354916067146,3.8369304556354913,0.4796163069544364,0.2398081534772182
2026-03-29,393.0,dallas night life,7.0,0.0,0.0,spam style,no audio ,friends,0.017811704834605598,0.017811704834605598,0.0,0.0,March,Sunday,13,True,1.7811704834605597,1.7811704834605597,0.0,0.0
2026-03-30,328.0,food and money,25.0,0.0,0.0,spam style,trend audio ,food,0.07621951219512195,0.07621951219512195,0.0,0.0,March,Monday,14,False,7.621951219512195,7.621951219512195,0.0,0.0
2026-03-30,320.0,sharing hot dog with inaara,19.0,5.0,0.0,spam style,tiktok trend,food,0.075,0.059375,0.015625,0.0,March,Monday,14,False,7.5,5.9375,1.5625,0.0
2026-03-31,325.0,recording everytime i want something instead of buying it ,15.0,1.0,0.0,tiktok style,tiktok trend,food,0.04923076923076923,0.046153846153846156,0.003076923076923077,0.0,March,Tuesday,14,False,4.923076923076923,4.615384615384616,0.3076923076923077,0.0
2026-04-01,6852.0,ranveer dhurandhar ,560.0,7.0,26.0,spam style,trend audio ,TV/movies,0.0865440747227087,0.08172796263864565,0.0010215995329830706,0.0037945125510799767,April,Wednesday,14,False,8.65440747227087,8.172796263864566,0.10215995329830707,0.37945125510799765
2026-04-01,318.0,gas prices/pub transpo joke,9.0,1.0,0.0,yapping,regular audio ,uncategorized,0.031446540880503145,0.02830188679245283,0.0031446540880503146,0.0,April,Wednesday,14,False,3.1446540880503147,2.8301886792452833,0.3144654088050315,0.0
2026-04-01,3271.0,TSA update and IAH,83.0,21.0,5.0,yapping,no audio ,travel,0.03332314276979517,0.025374503210027516,0.0064200550290431065,0.001528584530724549,April,Wednesday,14,False,3.3323142769795173,2.5374503210027517,0.6420055029043107,0.1528584530724549
2026-04-01,394.0,delhi hooligan,9.0,2.0,0.0,spam style,trend audio ,uncategorized,0.027918781725888325,0.02284263959390863,0.005076142131979695,0.0,April,Wednesday,14,False,2.7918781725888326,2.284263959390863,0.5076142131979695,0.0
2026-04-02,323.0,cherry blosson at central park ,21.0,1.0,0.0,vlog style,trend audio ,travel,0.06811145510835913,0.06501547987616099,0.0030959752321981426,0.0,April,Thursday,14,False,6.811145510835913,6.5015479876160995,0.30959752321981426,0.0
2026-04-03,1033.0,george washington painting at the MET,142.0,0.0,10.0,spam style,trend audio ,Museum,0.14714424007744434,0.13746369796708616,0.0,0.00968054211035818,April,Friday,14,False,14.714424007744434,13.746369796708615,0.0,0.9680542110358179
2026-04-04,365.0,nyc tourist traps ,7.0,5.0,0.0,tiktok style,tiktok trend,food,0.03287671232876712,0.019178082191780823,0.0136986301369863,0.0,April,Saturday,14,True,3.287671232876712,1.9178082191780823,1.36986301369863,0.0
2026-04-04,331.0,apt cafe spread,26.0,2.0,0.0,vlog style,trend audio ,food,0.08459214501510574,0.07854984894259819,0.006042296072507553,0.0,April,Saturday,14,True,8.459214501510575,7.854984894259818,0.6042296072507553,0.0
2026-04-04,336.0,buzzball at times square,39.0,1.0,1.0,spam style,trend audio ,food,0.12202380952380952,0.11607142857142858,0.002976190476190476,0.002976190476190476,April,Saturday,14,True,12.202380952380953,11.607142857142858,0.2976190476190476,0.2976190476190476
2026-04-05,336.0,sunday roast nyc,9.0,0.0,0.0,spam style,trend audio ,food,0.026785714285714284,0.026785714285714284,0.0,0.0,April,Sunday,14,True,2.6785714285714284,2.6785714285714284,0.0,0.0
2026-04-05,2133.0,fao shwarz jelly cats,100.0,1.0,3.0,vlog style,trend audio ,knick knacks,0.04875761837787154,0.04688232536333802,0.00046882325363338024,0.0014064697609001407,April,Sunday,14,True,4.875761837787154,4.688232536333802,0.04688232536333802,0.14064697609001406
2026-04-06,726.0,trinket shop in nyc with naughty sign ,55.0,0.0,0.0,spam style,trend audio ,knick knacks,0.07575757575757576,0.07575757575757576,0.0,0.0,April,Monday,15,False,7.575757575757576,7.575757575757576,0.0,0.0
2026-04-06,579.0,john addams at new york city library ,40.0,0.0,0.0,spam style,trend audio ,Museum,0.0690846286701209,0.0690846286701209,0.0,0.0,April,Monday,15,False,6.90846286701209,6.90846286701209,0.0,0.0
2026-04-07,760.0,kal ho na ho fountain ,67.0,2.0,2.0,spam style,trend audio ,travel,0.09342105263157895,0.0881578947368421,0.002631578947368421,0.002631578947368421,April,Tuesday,15,False,9.342105263157894,8.81578947368421,0.2631578947368421,0.2631578947368421
2026-04-07,434.0,vacation outfit trend,15.0,7.0,0.0,tiktok style,tiktok trend,travel,0.05069124423963134,0.03456221198156682,0.016129032258064516,0.0,April,Tuesday,15,False,5.0691244239631335,3.4562211981566824,1.6129032258064515,0.0
2026-04-07,332.0,mid matcha and dead horse to beat ,10.0,2.0,0.0,spam style,trend audio ,food,0.03614457831325301,0.030120481927710843,0.006024096385542169,0.0,April,Tuesday,15,False,3.614457831325301,3.0120481927710845,0.6024096385542169,0.0
2026-04-08,424.0,london transport museum,33.0,0.0,0.0,spam style,tiktok trend,Museum,0.07783018867924528,0.07783018867924528,0.0,0.0,April,Wednesday,15,False,7.783018867924528,7.783018867924528,0.0,0.0
2026-04-08,427.0,van gogh museum pt 2 ,39.0,3.0,0.0,vlog style,trend audio ,Museum,0.09836065573770492,0.09133489461358314,0.00702576112412178,0.0,April,Wednesday,15,False,9.836065573770492,9.133489461358314,0.702576112412178,0.0
2026-04-09,115109.0,WTC,4855.0,4.0,69.0,spam style,trend audio ,travel,0.042811595965563075,0.042177414450651124,3.474967204997003e-05,0.000599431842861983,April,Thursday,15,False,4.281159596556307,4.217741445065112,0.003474967204997003,0.0599431842861983
2026-04-09,362.0,gator watch,16.0,2.0,0.0,yapping,regular audio ,uncategorized,0.049723756906077346,0.04419889502762431,0.0055248618784530384,0.0,April,Thursday,15,False,4.972375690607735,4.41988950276243,0.5524861878453038,0.0
2026-04-09,3425.0,danny and drew ff ,93.0,3.0,3.0,spam style,tiktok trend,TV/movies,0.028905109489051097,0.027153284671532846,0.0008759124087591241,0.0008759124087591241,April,Thursday,15,False,2.8905109489051095,2.7153284671532845,0.0875912408759124,0.0875912408759124
2026-04-10,415.0,birthday twins,22.0,1.0,0.0,vlog style,trend audio ,family,0.05542168674698795,0.05301204819277108,0.0024096385542168677,0.0,April,Friday,15,False,5.542168674698795,5.301204819277109,0.24096385542168677,0.0
2026-04-11,529.0,egyptian wing at the MET,65.0,0.0,0.0,vlog style,trend audio ,Museum,0.12287334593572778,0.12287334593572778,0.0,0.0,April,Saturday,15,True,12.287334593572778,12.287334593572778,0.0,0.0
2026-04-11,488.0,throwback to nye london bridge song ,39.0,1.0,0.0,vlog style,trend audio ,travel,0.08196721311475409,0.07991803278688525,0.0020491803278688526,0.0,April,Saturday,15,True,8.19672131147541,7.991803278688526,0.20491803278688525,0.0
2026-04-12,339.0,MET faves,22.0,1.0,0.0,vlog style,trend audio ,Museum,0.06784660766961652,0.06489675516224189,0.0029498525073746312,0.0,April,Sunday,15,True,6.784660766961652,6.489675516224189,0.2949852507374631,0.0
2026-04-13,5860.0,jacob elordi euphoria,310.0,1.0,2.0,spam style,trend audio ,TV/movies,0.05341296928327645,0.052901023890784986,0.00017064846416382253,0.00034129692832764505,April,Monday,16,False,5.341296928327645,5.290102389078498,0.017064846416382253,0.034129692832764506
2026-04-14,436.0,paan,15.0,0.0,0.0,vlog style,trend audio ,food,0.034403669724770644,0.034403669724770644,0.0,0.0,April,Tuesday,16,False,3.4403669724770642,3.4403669724770642,0.0,0.0
2026-04-15,450.0,buzzball marriot audio ,10.0,0.0,0.0,spam style,trend audio ,food,0.022222222222222223,0.022222222222222223,0.0,0.0,April,Wednesday,16,False,2.2222222222222223,2.2222222222222223,0.0,0.0
2026-04-15,402.0,get well stacked,6.0,0.0,0.0,spam style,trend audio ,uncategorized,0.014925373134328358,0.014925373134328358,0.0,0.0,April,Wednesday,16,False,1.4925373134328357,1.4925373134328357,0.0,0.0
2026-04-16,2187.0,tyler catastrophe ,72.0,0.0,1.0,spam style,trend audio ,TV/movies,0.03337905807041609,0.03292181069958848,0.0,0.0004572473708276177,April,Thursday,16,False,3.337905807041609,3.292181069958848,0.0,0.04572473708276177
2026-04-18,74685.0,tyler catastrophe london audio ,13000.0,114.0,870.0,vlog style,trend audio ,travel,0.1872397402423512,0.17406440382941687,0.0015264109258887326,0.011648925487045592,April,Saturday,16,True,18.723974024235122,17.40644038294169,0.15264109258887326,1.1648925487045592
2026-04-19,602.0,frankchella,25.0,0.0,0.0,yapping,regular audio ,uncategorized,0.04152823920265781,0.04152823920265781,0.0,0.0,April,Sunday,16,True,4.152823920265781,4.152823920265781,0.0,0.0
